units,display,type,space,separator,range,system_of_measurement,fraction_multiple_of_10
"""","""",Fraction,,",",to,Imperial,
"""""","""",Fraction,,",",to,Imperial,
icnh,"""",Fraction,,",",to,Imperial,
In,"""",Fraction,,",",to,Imperial,
IN,"""",Fraction,,",",to,Imperial,
in,"""",Fraction,,",",to,Imperial,
In.,"""",Fraction,,",",to,Imperial,
in.,"""",Fraction,,",",to,Imperial,
IN.,"""",Fraction,,",",to,Imperial,
Inch,"""",Fraction,,",",to,Imperial,
inch,"""",Fraction,,",",to,Imperial,
Inches,"""",Fraction,,",",to,Imperial,
inches,"""",Fraction,,",",to,Imperial,
%,%,Decimal,,",",to,Imperial,
percent,%,Decimal,,",",to,Imperial,
Percent,%,Decimal,,",",to,Imperial,
% lel,% lel,Decimal,,",",to,Imperial,
%lel,% lel,Decimal,,",",to,Imperial,
% MEW,% MEW,Decimal,,",",to,Imperial,
%_MEW,% MEW,Decimal,,",",to,Imperial,
% MW,% MW,Decimal,,",",to,Imperial,
%_MW,% MW,Decimal,,",",to,Imperial,
% rh,% rh,Decimal,,",",to,Imperial,
%_rh,% rh,Decimal,,",",to,Imperial,
% v/v,% v/v,Decimal,,",",to,Imperial,
%_v/v,% v/v,Decimal,,",",to,Imperial,
% vol,% vol,Decimal,,",",to,Imperial,
%_vol,% vol,Decimal,,",",to,Imperial,
°,°,Decimal,,",",to,Imperial,
Â°,°,Decimal,,",",to,Imperial,
deg,°,Decimal,,",",to,Imperial,
Deg to,°,Decimal,,",",to,Imperial,
deg to,°,Decimal,,",",to,Imperial,
Deg.,°,Decimal,,",",to,Imperial,
deg.,°,Decimal,,",",to,Imperial,
Deg_to,°,Decimal,,",",to,Imperial,
deg_to,°,Decimal,,",",to,Imperial,
Degree,°,Decimal,,",",to,Imperial,
degree,°,Decimal,,",",to,Imperial,
Degrees,°,Decimal,,",",to,Imperial,
degrees,°,Decimal,,",",to,Imperial,
°Bx,°Bx,Decimal,,",",to,Imperial,
brix,°Bx,Decimal,,",",to,Imperial,
°C,°C,Decimal,,",",to,Metric,
°c,°C,Decimal,,",",to,Metric,
â€šÂ°c,°C,Decimal,,",",to,Metric,
Â°c,°C,Decimal,,",",to,Metric,
Deg C,°C,Decimal,,",",to,Metric,
deg c,°C,Decimal,,",",to,Metric,
Deg. C,°C,Decimal,,",",to,Metric,
deg. c,°C,Decimal,,",",to,Metric,
deg. C,°C,Decimal,,",",to,Metric,
Deg._C,°C,Decimal,,",",to,Metric,
deg._c,°C,Decimal,,",",to,Metric,
deg._C,°C,Decimal,,",",to,Metric,
Deg.C,°C,Decimal,,",",to,Metric,
deg.c,°C,Decimal,,",",to,Metric,
Deg_C,°C,Decimal,,",",to,Metric,
deg_c,°C,Decimal,,",",to,Metric,
degree c,°C,Decimal,,",",to,Metric,
Degrees C,°C,Decimal,,",",to,Metric,
degrees c,°C,Decimal,,",",to,Metric,
Degrees_C,°C,Decimal,,",",to,Metric,
degrees_c,°C,Decimal,,",",to,Metric,
°F,°F,Decimal,,",",to,Imperial,
°f,°F,Decimal,,",",to,Imperial,
°f},°F,Decimal,,",",to,Imperial,
â€šÂ°f,°F,Decimal,,",",to,Imperial,
Â°f,°F,Decimal,,",",to,Imperial,
def. f,°F,Decimal,,",",to,Imperial,
def._f,°F,Decimal,,",",to,Imperial,
Deg F,°F,Decimal,,",",to,Imperial,
deg f,°F,Decimal,,",",to,Imperial,
"deg, f",°F,Decimal,,",",to,Imperial,
"deg,_f",°F,Decimal,,",",to,Imperial,
Deg. F,°F,Decimal,,",",to,Imperial,
deg. f,°F,Decimal,,",",to,Imperial,
deg. F,°F,Decimal,,",",to,Imperial,
Deg._F,°F,Decimal,,",",to,Imperial,
deg._f,°F,Decimal,,",",to,Imperial,
deg._F,°F,Decimal,,",",to,Imperial,
Deg.F,°F,Decimal,,",",to,Imperial,
deg.f,°F,Decimal,,",",to,Imperial,
Deg_F,°F,Decimal,,",",to,Imperial,
deg_f,°F,Decimal,,",",to,Imperial,
Degree F,°F,Decimal,,",",to,Imperial,
degree f,°F,Decimal,,",",to,Imperial,
Degree_F,°F,Decimal,,",",to,Imperial,
degree_f,°F,Decimal,,",",to,Imperial,
Degrees F,°F,Decimal,,",",to,Imperial,
degrees f,°F,Decimal,,",",to,Imperial,
Degrees_F,°F,Decimal,,",",to,Imperial,
degrees_f,°F,Decimal,,",",to,Imperial,
µ,µ,Decimal,space,",",to,Metric,
Âµ,µ,Decimal,space,",",to,Metric,
µ fpm,µ FPM,Decimal,space,",",to,Imperial,
µ_fpm,µ FPM,Decimal,space,",",to,Imperial,
Âµ fpm,µ FPM,Decimal,space,",",to,Imperial,
Âµ_fpm,µ FPM,Decimal,space,",",to,Imperial,
microflashes,µ FPM,Decimal,space,",",to,Imperial,
ufpm,µ FPM,Decimal,space,",",to,Imperial,
µ ohms,µ ohms,Decimal,space,",",to,Metric,
µ_ohms,µ ohms,Decimal,space,",",to,Metric,
Ã‚Âµ ohms,µ ohms,Decimal,space,",",to,Metric,
Ã‚Âµ_ohms,µ ohms,Decimal,space,",",to,Metric,
Âµ ohms,µ ohms,Decimal,space,",",to,Metric,
Âµ_ohms,µ ohms,Decimal,space,",",to,Metric,
micro ohms,µ ohms,Decimal,space,",",to,Metric,
micro_ohms,µ ohms,Decimal,space,",",to,Metric,
u Ohms,µ ohms,Decimal,space,",",to,Metric,
u ohms,µ ohms,Decimal,space,",",to,Metric,
u_Ohms,µ ohms,Decimal,space,",",to,Metric,
u_ohms,µ ohms,Decimal,space,",",to,Metric,
µa,µA,Decimal,space,",",to,Metric,
µA,µA,Decimal,space,",",to,Metric,
ÂµA,µA,Decimal,space,",",to,Metric,
Âµa,µA,Decimal,space,",",to,Metric,
ua,µA,Decimal,space,",",to,Metric,
uA,µA,Decimal,space,",",to,Metric,
ua dc,µA,Decimal,space,",",to,Metric,
,,,,,,,
ua_dc,µA,Decimal,space,",",to,Metric,
µf,µF,Decimal,space,",",to,Metric,
µF,µF,Decimal,space,",",to,Metric,
Ã‚Âµf,µF,Decimal,space,",",to,Metric,
Ã‚ÂµF,µF,Decimal,space,",",to,Metric,
ÂµF,µF,Decimal,space,",",to,Metric,
Âµf,µF,Decimal,space,",",to,Metric,
mfd,µF,Decimal,space,",",to,Metric,
micro farad,µF,Decimal,space,",",to,Metric,
micro_farad,µF,Decimal,space,",",to,Metric,
micro-f,µF,Decimal,space,",",to,Metric,
uf,µF,Decimal,space,",",to,Metric,
µg/ml,µg/mL,Decimal,space,",",to,Imperial,
micron g/ml,µg/mL,Decimal,space,",",to,Imperial,
micron_g/ml,µg/mL,Decimal,space,",",to,Imperial,
µh,µH,Decimal,space,",",to,Metric,
µH,µH,Decimal,space,",",to,Metric,
ÂµH,µH,Decimal,space,",",to,Metric,
Âµh,µH,Decimal,space,",",to,Metric,
uH,µH,Decimal,space,",",to,Metric,
uh,µH,Decimal,space,",",to,Metric,
uHz,µHz,Decimal,space,/,-,Metric,
µin.,µin.,Decimal,,",",to,Imperial,
Ã¢Âµin,µin.,Decimal,,",",to,Imperial,
Âµ in,µin.,Decimal,,",",to,Imperial,
Âµ_in,µin.,Decimal,,",",to,Imperial,
Âµin,µin.,Decimal,,",",to,Imperial,
Âµin.,µin.,Decimal,,",",to,Imperial,
mi,µin.,Decimal,,",",to,Imperial,
microinch,µin.,Decimal,,",",to,Imperial,
Microinch,µin.,Decimal,,",",to,Imperial,
µl,µL,Decimal,space,",",to,Metric,
µL,µL,Decimal,space,",",to,Metric,
Ã‚ÂµL,µL,Decimal,space,",",to,Metric,
ÂµL,µL,Decimal,space,",",to,Metric,
Âµl,µL,Decimal,space,",",to,Metric,
micro l,µL,Decimal,space,",",to,Metric,
micro_l,µL,Decimal,space,",",to,Metric,
micron l,µL,Decimal,space,",",to,Metric,
micron_l,µL,Decimal,space,",",to,Metric,
ul,µL,Decimal,space,",",to,Metric,
µm,µm,Decimal,space,",",to,Metric,
Âµm,µm,Decimal,space,",",to,Metric,
Micron,µm,Decimal,space,",",to,Metric,
micron,µm,Decimal,space,",",to,Metric,
microns,µm,Decimal,space,",",to,Metric,
um,µm,Decimal,space,",",to,Metric,
µm Hg,µm hg,Decimal,space,",",to,Imperial,
micron hg,µm hg,Decimal,space,",",to,Imperial,
micron_hg,µm hg,Decimal,space,",",to,Imperial,
µR/hr.,µR/hr.,Decimal,space,",",to,Imperial,
µS/cm,µS/cm,Decimal,space,",",to,Metric,
µs/cm,µS/cm,Decimal,space,",",to,Metric,
Âµs/cm,µS/cm,Decimal,space,",",to,Metric,
Î¼s/cm,µS/cm,Decimal,space,",",to,Metric,
µsec.,µsec.,Decimal,space,",",to,Metric,
Âµsec.,µsec.,Decimal,space,",",to,Metric,
usec,µsec.,Decimal,space,",",to,Metric,
usec.,µsec.,Decimal,space,",",to,Metric,
µsv/hr.,µSv/hr.,Decimal,space,",",to,Metric,
Âµsv/hr.,µSv/hr.,Decimal,space,",",to,Metric,
A,A,Decimal,,/,-,Metric,
a,A,Decimal,,/,-,Metric,
A AC,A,Decimal,,/,-,Metric,
a ac,A,Decimal,,/,-,Metric,
A DC,A,Decimal,,/,-,Metric,
a dc,A,Decimal,,/,-,Metric,
A_AC,A,Decimal,,/,-,Metric,
a_ac,A,Decimal,,/,-,Metric,
A_DC,A,Decimal,,/,-,Metric,
a_dc,A,Decimal,,/,-,Metric,
aac,A,Decimal,,/,-,Metric,
adc,A,Decimal,,/,-,Metric,
ADC,A,Decimal,,/,-,Metric,
Amp,A,Decimal,,/,-,Metric,
amp,A,Decimal,,/,-,Metric,
amps,A,Decimal,,/,-,Metric,
amps DC,A,Decimal,,/,-,Metric,
amps dc,A,Decimal,,/,-,Metric,
amps_DC,A,Decimal,,/,-,Metric,
amps_dc,A,Decimal,,/,-,Metric,
A/sq. in.,A/sq. in.,Decimal,space,",",to,Imperial,
A/sq._in.,A/sq. in.,Decimal,space,",",to,Imperial,
acre,acre,Decimal,space,",",to,Imperial,
acres,acres,Decimal,space,",",to,Imperial,
A/hr.,Ah,Decimal,space,/,-,Imperial,
a/hr.,Ah,Decimal,space,/,-,Imperial,
Ah,Ah,Decimal,space,/,-,Imperial,
ah,Ah,Decimal,space,/,-,Imperial,
AWG,AWG,Fraction,space,",",to,Imperial,
Awg,AWG,Fraction,space,",",to,Imperial,
awg,AWG,Fraction,space,",",to,Imperial,
AWG Solid,AWG,Fraction,space,",",to,Imperial,
awg solid,AWG,Fraction,space,",",to,Imperial,
AWG_Solid,AWG,Fraction,space,",",to,Imperial,
awg_solid,AWG,Fraction,space,",",to,Imperial,
Bar,Bar,Decimal,space,",",to,Metric,
bar,Bar,Decimal,space,",",to,Metric,
BarG,BarG,Decimal,space,",",to,Metric,
Barg,BarG,Decimal,space,",",to,Metric,
barg,BarG,Decimal,space,",",to,Metric,
bhp,bhp,Fraction,space,",",to,Imperial,
bph,bhp,Fraction,space,",",to,Imperial,
BPM,BPM,Decimal,space,",",to,Metric,
bpm,BPM,Decimal,space,",",to,Metric,
btu,btu,Decimal,space,",",to,Imperial,
btu/sq. ft.,btu/sq. ft.,Decimal,space,",",to,Imperial,
btu/sq._ft.,btu/sq. ft.,Decimal,space,",",to,Imperial,
BTU/Hour,btuH,Decimal,space,",",to,Imperial,
btu/hour,btuH,Decimal,space,",",to,Imperial,
Btuh,btuH,Decimal,space,",",to,Imperial,
btuH,btuH,Decimal,space,",",to,Imperial,
BtuH,btuH,Decimal,space,",",to,Imperial,
btuh,btuH,Decimal,space,",",to,Imperial,
btu/W-hr.,btuH,Decimal,space,",",to,Imperial,
Buschel,Bushel,Fraction,space,",",to,Imperial,
buschel,Bushel,Fraction,space,",",to,Imperial,
Bushel,Bushel,Fraction,space,",",to,Imperial,
bushel,Bushel,Fraction,space,",",to,Imperial,
bushels,Bushel,Fraction,space,",",to,Imperial,
Bushels,Bushel,Fraction,space,",",to,Imperial,
cards/hr.,cards/hr.,Decimal,space,",",to,Imperial,
cards/hrs.,cards/hr.,Decimal,space,",",to,Imperial,
CC,cc,Decimal,space,",",to,Metric,
cc,cc,Decimal,space,",",to,Metric,
cc/cycle,cc/cycle,Decimal,space,",",to,Metric,
cc/day,cc/day,Decimal,space,",",to,Metric,
cc/hr.,cc/hr.,Decimal,space,",",to,Metric,
cc/min,cc/min.,Decimal,space,",",to,Metric,
cc/Min.,cc/min.,Decimal,space,",",to,Metric,
cc/min.,cc/min.,Decimal,space,",",to,Metric,
cc/rev,cc/rev.,Decimal,space,",",to,Metric,
cc/rev.,cc/rev.,Decimal,space,",",to,Metric,
cc/stroke,cc/stroke,Decimal,space,",",to,Imperial,
candela,cd,Decimal,space,",",to,Imperial,
Cd,cd,Decimal,space,",",to,Metric,
cd,cd,Decimal,space,",",to,Metric,
cd.,cd,Decimal,space,",",to,Metric,
CFH,CFH,Decimal,space,/,-,Imperial,
cfh,CFH,Decimal,space,/,-,Imperial,
CFM,CFM,Decimal,space,/,-,Imperial,
cfm,CFM,Decimal,space,/,-,Imperial,
CFM/W,CFM/W,Decimal,space,/,-,Imperial,
cfm/w,CFM/W,Decimal,space,/,-,Imperial,
cm,cm,Decimal,,",",to,Metric,
cm hg,cm hg,Decimal,space,",",to,Metric,
cm_hg,cm hg,Decimal,space,",",to,Metric,
cmHG,cm hg,Decimal,space,",",to,Metric,
cmhg,cm hg,Decimal,space,",",to,Metric,
cm wc,cm wc,Decimal,space,",",to,Metric,
cm_wc,cm wc,Decimal,space,",",to,Metric,
cm/ sec.,cm/sec.,Decimal,space,",",to,Metric,
cm/_sec.,cm/sec.,Decimal,space,",",to,Metric,
cm/sec.,cm/sec.,Decimal,space,",",to,Metric,
CMH,CMH,Decimal,space,/,-,Metric,
cmh,CMH,Decimal,space,/,-,Metric,
cmp,cmp,Decimal,space,",",to,Metric,
cN,cN,Decimal,space,",",to,Metric,
cn,cN,Decimal,space,",",to,Metric,
cN-m,cN-m,Decimal,space,",",to,Metric,
cn-m,cN-m,Decimal,space,",",to,Metric,
centipoise,cP,Decimal,space,",",to,Metric,
CP,cP,Decimal,space,",",to,Metric,
cP,cP,Decimal,space,",",to,Metric,
cp,cP,Decimal,space,",",to,Metric,
mPa.s,cP,Decimal,space,",",to,Metric,
mpa.s,cP,Decimal,space,",",to,Metric,
CPM,CPM,Decimal,space,/,-,Imperial,
cpm,CPM,Decimal,space,/,-,Imperial,
cPS,cPS,Decimal,space,/,-,Metric,
cps,cPS,Decimal,space,/,-,Metric,
CST,cST,Decimal,space,",",to,Metric,
cST,cST,Decimal,space,",",to,Metric,
cSt,cST,Decimal,space,",",to,Metric,
cst,cST,Decimal,space,",",to,Metric,
cu. cm,cu. cm,Decimal,space,",",to,Metric,
cu._cm,cu. cm,Decimal,space,",",to,Metric,
Cu Ft,cu. ft.,Decimal,space,",",to,Imperial,
cu ft,cu. ft.,Decimal,space,",",to,Imperial,
cu ft.,cu. ft.,Decimal,space,",",to,Imperial,
cu. ft.,cu. ft.,Decimal,space,",",to,Imperial,
cu. Ft.,cu. ft.,Decimal,space,",",to,Imperial,
cu._ft.,cu. ft.,Decimal,space,",",to,Imperial,
cu._Ft.,cu. ft.,Decimal,space,",",to,Imperial,
cu.ft,cu. ft.,Decimal,space,",",to,Imperial,
Cu.Ft.,cu. ft.,Decimal,space,",",to,Imperial,
cu.ft.,cu. ft.,Decimal,space,",",to,Imperial,
Cu_Ft,cu. ft.,Decimal,space,",",to,Imperial,
cu_ft,cu. ft.,Decimal,space,",",to,Imperial,
cu_ft.,cu. ft.,Decimal,space,",",to,Imperial,
cu. ft./hr.,cu. ft./hr.,Decimal,space,",",to,Imperial,
cu._ft./hr.,cu. ft./hr.,Decimal,space,",",to,Imperial,
cu. ft./rev.,cu. ft./rev.,Decimal,space,",",to,Imperial,
cu._ft./rev.,cu. ft./rev.,Decimal,space,",",to,Imperial,
cu in,cu. in.,Decimal,space,",",to,Imperial,
cu. In.,cu. in.,Decimal,space,",",to,Imperial,
cu. in.,cu. in.,Decimal,space,",",to,Imperial,
cu._In.,cu. in.,Decimal,space,",",to,Imperial,
cu._in.,cu. in.,Decimal,space,",",to,Imperial,
cu.in.,cu. in.,Decimal,space,",",to,Imperial,
Cu.-In.,cu. in.,Decimal,space,",",to,Imperial,
cu.-in.,cu. in.,Decimal,space,",",to,Imperial,
cu_in,cu. in.,Decimal,space,",",to,Imperial,
cu. in./gal.,cu. in./gal.,Decimal,space,",",to,Imperial,
cu._in./gal.,cu. in./gal.,Decimal,space,",",to,Imperial,
cu. in./min.,cu. in./min.,Decimal,space,",",to,Imperial,
cu._in./min.,cu. in./min.,Decimal,space,",",to,Imperial,
cu in/rev,cu. in./rev.,Decimal,space,",",to,Imperial,
cu. In./rev,cu. in./rev.,Decimal,space,",",to,Imperial,
cu. in./rev,cu. in./rev.,Decimal,space,",",to,Imperial,
cu. in./rev.,cu. in./rev.,Decimal,space,",",to,Imperial,
cu._In./rev,cu. in./rev.,Decimal,space,",",to,Imperial,
cu._in./rev,cu. in./rev.,Decimal,space,",",to,Imperial,
cu._in./rev.,cu. in./rev.,Decimal,space,",",to,Imperial,
cu_in/rev,cu. in./rev.,Decimal,space,",",to,Imperial,
cu. M,cu. m,Decimal,space,",",to,Metric,
cu. m,cu. m,Decimal,space,",",to,Metric,
cu._M,cu. m,Decimal,space,",",to,Metric,
cu._m,cu. m,Decimal,space,",",to,Metric,
cu m/hr,cu. m/hr.,Decimal,space,",",to,Metric,
cu m/hr.,cu. m/hr.,Decimal,space,",",to,Metric,
cu. m/hr.,cu. m/hr.,Decimal,space,",",to,Metric,
cu._m/hr.,cu. m/hr.,Decimal,space,",",to,Metric,
cu.m/hrs.,cu. m/hr.,Decimal,space,",",to,Metric,
cu_m/hr,cu. m/hr.,Decimal,space,",",to,Metric,
cu_m/hr.,cu. m/hr.,Decimal,space,",",to,Metric,
cu. yd.,cu. yd.,Decimal,space,",",to,Imperial,
Cu. Yds.,cu. yd.,Decimal,space,",",to,Imperial,
cu. yds.,cu. yd.,Decimal,space,",",to,Imperial,
cu._yd.,cu. yd.,Decimal,space,",",to,Imperial,
Cu._Yds.,cu. yd.,Decimal,space,",",to,Imperial,
cu._yds.,cu. yd.,Decimal,space,",",to,Imperial,
cu. yd./hr.,cu. yd./hr.,Decimal,space,",",to,Imperial,
cu._yd./hr.,cu. yd./hr.,Decimal,space,",",to,Imperial,
d,D,Decimal,space,",",to,Imperial,
den,D,Decimal,space,",",to,Imperial,
Denier,D,Decimal,space,",",to,Imperial,
diopter,D,Decimal,space,",",to,Imperial,
dpt,D,Decimal,space,",",to,Imperial,
Day,Day,Decimal,space,",",to,Imperial,
day,Day,Decimal,space,",",to,Imperial,
Days,Days,Decimal,space,",",to,Imperial,
days,Days,Decimal,space,",",to,Imperial,
db,dB,Decimal,space,",",to,Imperial,
dB,dB,Decimal,space,",",to,Imperial,
dBA,dBA,Decimal,space,",",to,Imperial,
dbA,dBA,Decimal,space,",",to,Imperial,
dba,dBA,Decimal,space,",",to,Imperial,
deg./in.-lbs.,deg./lbs.-in.,Decimal,space,",",to,Imperial,
diametral pitch,DP,Decimal,space,",",to,Imperial,
dp,DP,Decimal,space,",",to,Imperial,
DP,DP,Decimal,space,",",to,Imperial,
Diametral Pitch,DP,Decimal,space,",",to,Imperial,
dpi,dpi,Decimal,space,",",to,Imperial,
drops/min.,drops/min.,Decimal,space,",",to,Imperial,
Drops/Minute,drops/min.,Decimal,space,",",to,Imperial,
drops/minute,drops/min.,Decimal,space,",",to,Imperial,
F,F,Decimal,space,",",to,Metric,
f,F,Decimal,space,",",to,Metric,
farad,F,Decimal,space,",",to,Metric,
Farad,F,Decimal,space,",",to,Metric,
fc,fC,Decimal,space,",",to,Imperial,
femtocoulomb,fC,Decimal,space,",",to,Imperial,
fl oz,fl. oz.,Decimal,space,",",to,Imperial,
fl. oz,fl. oz.,Decimal,space,",",to,Imperial,
fl. oz.,fl. oz.,Decimal,space,",",to,Imperial,
fl. Oz.,fl. oz.,Decimal,space,",",to,Imperial,
fl._oz,fl. oz.,Decimal,space,",",to,Imperial,
fl._oz.,fl. oz.,Decimal,space,",",to,Imperial,
fl._Oz.,fl. oz.,Decimal,space,",",to,Imperial,
fl.oz.,fl. oz.,Decimal,space,",",to,Imperial,
fl_oz,fl. oz.,Decimal,space,",",to,Imperial,
floz,fl. oz.,Decimal,space,",",to,Imperial,
FPM,FPM,Decimal,space,/,-,Imperial,
fpm,FPM,Decimal,space,/,-,Imperial,
ft./min,FPM,Decimal,space,/,-,Imperial,
ft./min.,FPM,Decimal,space,/,-,Imperial,
FPS,FPS,Decimal,space,/,-,Imperial,
fps,FPS,Decimal,space,/,-,Imperial,
ft./sec.,FPS,Decimal,space,/,-,Imperial,
Feet,ft.,Decimal,space,",",to,Imperial,
feet,ft.,Decimal,space,",",to,Imperial,
Foot,ft.,Decimal,space,",",to,Imperial,
foot,ft.,Decimal,space,",",to,Imperial,
ft,ft.,Decimal,space,",",to,Imperial,
Ft,ft.,Decimal,space,",",to,Imperial,
ft.,ft.,Decimal,space,",",to,Imperial,
ft. h20,ft. H2O,Decimal,space,",",to,Imperial,
ft. H2O,ft. H2O,Decimal,space,",",to,Imperial,
ft. h2o,ft. H2O,Decimal,space,",",to,Imperial,
ft._h20,ft. H2O,Decimal,space,",",to,Imperial,
ft._H2O,ft. H2O,Decimal,space,",",to,Imperial,
ft._h2o,ft. H2O,Decimal,space,",",to,Imperial,
ft wc,ft. wc,Decimal,space,",",to,Imperial,
ft. wc,ft. wc,Decimal,space,",",to,Imperial,
Ft. wc,ft. wc,Decimal,space,",",to,Imperial,
ft._wc,ft. wc,Decimal,space,",",to,Imperial,
Ft._wc,ft. wc,Decimal,space,",",to,Imperial,
ft_wc,ft. wc,Decimal,space,",",to,Imperial,
ft./hr.,ft./hr.,Decimal,space,",",to,Imperial,
g,g,Decimal,,",",to,Metric,
gm,g,Decimal,,",",to,Metric,
Gram,g,Decimal,,",",to,Metric,
gram,g,Decimal,,",",to,Metric,
G Ohms,G ohms,Decimal,space,",",to,Metric,
g ohms,G ohms,Decimal,space,",",to,Metric,
G_Ohms,G ohms,Decimal,space,",",to,Metric,
g_ohms,G ohms,Decimal,space,",",to,Metric,
giga ohms,G ohms,Decimal,space,",",to,Metric,
giga_ohms,G ohms,Decimal,space,",",to,Metric,
g/cc,g/cc,Decimal,space,",",to,Metric,
grams per cubic centimeter,g/cc,Decimal,space,",",to,Metric,
g/cm,g/cm,Decimal,space,",",to,Metric,
g/cu.cm,g/cu. cm,Decimal,space,",",to,Metric,
g/cu. m,g/cu. m,Decimal,space,",",to,Metric,
g/cu._m,g/cu. m,Decimal,space,",",to,Metric,
g/m3,g/cu. m,Decimal,space,",",to,Metric,
g/dl,g/dL,Decimal,space,",",to,Metric,
Grams per deciliter,g/dL,Decimal,space,",",to,Metric,
g/L,g/L,Decimal,space,",",to,Metric,
g/l,g/L,Decimal,space,",",to,Metric,
g/min.,g/min.,Decimal,space,",",to,Metric,
g/ml,g/mL,Decimal,space,",",to,Metric,
g/mL,g/mL,Decimal,space,",",to,Metric,
g/sq. cm,g/sq. cm,Decimal,space,",",to,Metric,
g/sq._cm,g/sq. cm,Decimal,space,",",to,Metric,
g-sq. cm,g/sq. cm,Decimal,space,",",to,Metric,
g-sq._cm,g/sq. cm,Decimal,space,",",to,Metric,
g/ sq. m,g/sq. m,Decimal,space,",",to,Metric,
g/_sq._m,g/sq. m,Decimal,space,",",to,Metric,
g/sq. m,g/sq. m,Decimal,space,",",to,Metric,
g/sq._m,g/sq. m,Decimal,space,",",to,Metric,
Ga,ga.,Decimal,space,",",to,Imperial,
ga,ga.,Decimal,space,",",to,Imperial,
Ga.,ga.,Decimal,space,",",to,Imperial,
ga.,ga.,Decimal,space,",",to,Imperial,
gauge,ga.,Decimal,space,",",to,Imperial,
Guage,ga.,Decimal,space,",",to,Imperial,
guage,ga.,Decimal,space,",",to,Imperial,
Gal,gal.,Decimal,space,",",to,Imperial,
gal,gal.,Decimal,space,",",to,Imperial,
gal.,gal.,Decimal,space,",",to,Imperial,
gallon,gal.,Decimal,space,",",to,Imperial,
Gallons,gal.,Decimal,space,",",to,Imperial,
gallons,gal.,Decimal,space,",",to,Imperial,
gal./cycle,gal./cycle,Decimal,space,",",to,Imperial,
Gbps,Gbps,Decimal,space,",",to,Imperial,
gbps,Gbps,Decimal,space,",",to,Imperial,
gf,gf,Decimal,space,",",to,Metric,
gf max.,gf,Decimal,space,",",to,Metric,
gf_max.,gf,Decimal,space,",",to,Metric,
GHz,GHz,Decimal,space,/,-,Metric,
gHz,GHz,Decimal,space,/,-,Metric,
ghz,GHz,Decimal,space,/,-,Metric,
gbits,gigabits,Decimal,space,",",to,Imperial,
GB,Gigabytes,Decimal,space,",",to,Imperial,
gigabytes,Gigabytes,Decimal,space,",",to,Imperial,
GPC,GPC,Decimal,space,",",to,Imperial,
gpc,GPC,Decimal,space,",",to,Imperial,
GPD,GPD,Decimal,space,/,-,Imperial,
gpd,GPD,Decimal,space,/,-,Imperial,
gal./flush,GPF,Decimal,space,",",to,Imperial,
gallon per flush,GPF,Decimal,space,",",to,Imperial,
gallon_per_flush,GPF,Decimal,space,",",to,Imperial,
gallons per flush,GPF,Decimal,space,",",to,Imperial,
gallons_per_flush,GPF,Decimal,space,",",to,Imperial,
GPF,GPF,Decimal,space,",",to,Imperial,
gal./hr.,GPH,Decimal,space,/,-,Imperial,
GPH,GPH,Decimal,space,/,-,Imperial,
gph,GPH,Decimal,space,/,-,Imperial,
Gpm,GPM,Decimal,space,/,-,Imperial,
GPM,GPM,Decimal,space,/,-,Imperial,
gpm,GPM,Decimal,space,/,-,Imperial,
GPM/sq. ft.,GPM/sq. ft.,Decimal,space,/,-,Imperial,
gpm/sq. ft.,GPM/sq. ft.,Decimal,space,/,-,Imperial,
GPM/sq._ft.,GPM/sq. ft.,Decimal,space,/,-,Imperial,
gpm/sq._ft.,GPM/sq. ft.,Decimal,space,/,-,Imperial,
gauss,Gs,Decimal,space,",",to,Metric,
Gs,Gs,Decimal,space,",",to,Metric,
gs,Gs,Decimal,space,",",to,Metric,
GU,GU,Decimal,space,",",to,Imperial,
gu,GU,Decimal,space,",",to,Imperial,
gy/h,Gy/hr.,Decimal,space,",",to,Metric,
Gy/hr.,Gy/hr.,Decimal,space,",",to,Metric,
. HP,hp,Fraction,space,",",to,Imperial,
. hp,hp,Fraction,space,",",to,Imperial,
._HP,hp,Fraction,space,",",to,Imperial,
._hp,hp,Fraction,space,",",to,Imperial,
hp,hp,Fraction,space,",",to,Imperial,
hpA,hPa,Decimal,space,",",to,Metric,
HPA,hPa,Decimal,space,",",to,Metric,
hPa,hPa,Decimal,space,",",to,Metric,
hpa,hPa,Decimal,space,",",to,Metric,
hour,hr.,Decimal,space,",",to,Imperial,
hr,hr.,Decimal,space,",",to,Imperial,
Hr,hr.,Decimal,space,",",to,Imperial,
Hr.,hr.,Decimal,space,",",to,Imperial,
hr.,hr.,Decimal,space,",",to,Imperial,
hrc,HRC,Decimal,space,",",to,Imperial,
Hours,hrs.,Decimal,space,",",to,Imperial,
hours,hrs.,Decimal,space,",",to,Imperial,
hrs.,hrs.,Decimal,space,",",to,Imperial,
Hz,Hz,Decimal,space,/,-,Metric,
hz,Hz,Decimal,space,/,-,Metric,
Hz AC,Hz AC,Decimal,space,/,-,Metric,
hz ac,Hz AC,Decimal,space,/,-,Metric,
Hz_AC,Hz AC,Decimal,space,/,-,Metric,
hz_ac,Hz AC,Decimal,space,/,-,Metric,
Hz DC,Hz DC,Decimal,space,/,-,Metric,
hz dc,Hz DC,Decimal,space,/,-,Metric,
Hz_DC,Hz DC,Decimal,space,/,-,Metric,
hz_dc,Hz DC,Decimal,space,/,-,Metric,
in. h2o,in. H2O,Decimal,space,",",to,Imperial,
in._h2o,in. H2O,Decimal,space,",",to,Imperial,
""" hg",in. hg,Decimal,space,",",to,Imperial,
""" Hg",in. hg,Decimal,space,",",to,Imperial,
""" hg vac",in. hg,Decimal,space,",",to,Imperial,
"""_hg",in. hg,Decimal,space,",",to,Imperial,
"""_Hg",in. hg,Decimal,space,",",to,Imperial,
"""_hg_vac",in. hg,Decimal,space,",",to,Imperial,
"""Hg",in. hg,Decimal,space,",",to,Imperial,
"""hg",in. hg,Decimal,space,",",to,Imperial,
hg,in. hg,Decimal,space,",",to,Imperial,
in. hg,in. hg,Decimal,space,",",to,Imperial,
in. Hg,in. hg,Decimal,space,",",to,Imperial,
in. hg vac,in. hg,Decimal,space,",",to,Imperial,
in. Hg.,in. hg,Decimal,space,",",to,Imperial,
in. hg.,in. hg,Decimal,space,",",to,Imperial,
in. hg/psi,in. hg,Decimal,space,",",to,Imperial,
in._hg,in. hg,Decimal,space,",",to,Imperial,
in._Hg,in. hg,Decimal,space,",",to,Imperial,
in._Hg.,in. hg,Decimal,space,",",to,Imperial,
in._hg.,in. hg,Decimal,space,",",to,Imperial,
in._hg/psi,in. hg,Decimal,space,",",to,Imperial,
in._hg_vac,in. hg,Decimal,space,",",to,Imperial,
inch hg,in. hg,Decimal,space,",",to,Imperial,
inch hg/psi,in. hg,Decimal,space,",",to,Imperial,
Inch hg/psi,in. hg,Decimal,space,",",to,Imperial,
Inch Hg/Psi,in. hg,Decimal,space,",",to,Imperial,
inch_hg,in. hg,Decimal,space,",",to,Imperial,
inch_hg/psi,in. hg,Decimal,space,",",to,Imperial,
Inch_hg/psi,in. hg,Decimal,space,",",to,Imperial,
Inch_Hg/Psi,in. hg,Decimal,space,",",to,Imperial,
inches hg,in. hg,Decimal,space,",",to,Imperial,
""" wc",in. wc,Decimal,space,",",to,Imperial,
"""_wc",in. wc,Decimal,space,",",to,Imperial,
"""WC",in. wc,Decimal,space,",",to,Imperial,
"""wc",in. wc,Decimal,space,",",to,Imperial,
in wc,in. wc,Decimal,space,",",to,Imperial,
in. wc,in. wc,Decimal,space,",",to,Imperial,
in._wc,in. wc,Decimal,space,",",to,Imperial,
in_wc,in. wc,Decimal,space,",",to,Imperial,
inch wc,in. wc,Decimal,space,",",to,Imperial,
inch_wc,in. wc,Decimal,space,",",to,Imperial,
""" wg",in. wg,Decimal,space,",",to,Imperial,
"""_wg",in. wg,Decimal,space,",",to,Imperial,
in. wg,in. wg,Decimal,space,",",to,Imperial,
in._wg,in. wg,Decimal,space,",",to,Imperial,
in per ft,in./ft.,Decimal,space,",",to,Imperial,
in./ft.,in./ft.,Decimal,space,",",to,Imperial,
in/ft.,in./ft.,Decimal,space,",",to,Imperial,
in_per_ft,in./ft.,Decimal,space,",",to,Imperial,
in./min,in./min.,Decimal,space,",",to,Imperial,
in./min.,in./min.,Decimal,space,",",to,Imperial,
inch/min.,in./min.,Decimal,space,",",to,Imperial,
in./rev.,in./rev.,Decimal,space,",",to,Imperial,
in./sec.,in./sec.,Decimal,space,",",to,Imperial,
inch/sec.,in./sec.,Decimal,space,",",to,Imperial,
in. oz.,oz.-in.,Decimal,space,",",to,Imperial,
in._oz.,oz.-in.,Decimal,space,",",to,Imperial,
in.-oz,oz.-in.,Decimal,space,",",to,Imperial,
in.-oz.,oz.-in.,Decimal,space,",",to,Imperial,
IPM,IPM,Decimal,space,",",to,Imperial,
ipm,IPM,Decimal,space,",",to,Imperial,
j,J,Decimal,,",",to,Metric,
Joule,J,Decimal,,",",to,Metric,
joule,J,Decimal,,",",to,Metric,
Ã‚Â°k,K,Decimal,space,",",to,Metric,
Â°k,K,Decimal,space,",",to,Metric,
Â°K,K,Decimal,space,",",to,Metric,
deg. k,K,Decimal,space,",",to,Metric,
deg. K,K,Decimal,space,",",to,Metric,
deg._k,K,Decimal,space,",",to,Metric,
deg._K,K,Decimal,space,",",to,Metric,
Degree K,K,Decimal,space,",",to,Metric,
degree k,K,Decimal,space,",",to,Metric,
Degree_K,K,Decimal,space,",",to,Metric,
degree_k,K,Decimal,space,",",to,Metric,
K,K,Decimal,space,",",to,Metric,
k,K,Decimal,space,",",to,Metric,
kelvin,K,Decimal,space,",",to,Metric,
k hr.,k hr.,Decimal,space,",",to,Metric,
k_hr.,k hr.,Decimal,space,",",to,Metric,
k hrs.,k hrs.,Decimal,space,",",to,Metric,
k_hrs.,k hrs.,Decimal,space,",",to,Metric,
k ohm,K ohms,Decimal,space,",",to,Metric,
k ohms,K ohms,Decimal,space,",",to,Metric,
k_ohm,K ohms,Decimal,space,",",to,Metric,
k_ohms,K ohms,Decimal,space,",",to,Metric,
kOhm,K ohms,Decimal,space,",",to,Metric,
kohm,K ohms,Decimal,space,",",to,Metric,
kOhms,K ohms,Decimal,space,",",to,Metric,
kohms,K ohms,Decimal,space,",",to,Metric,
k var,k var,Decimal,space,/,-,Imperial,
k_var,k var,Decimal,space,/,-,Imperial,
KVAR,k var,Decimal,space,/,-,Imperial,
kvar,k var,Decimal,space,/,-,Imperial,
kA,kA,Decimal,space,/,-,Metric,
ka,kA,Decimal,space,/,-,Metric,
k AIC,kAIC,Decimal,space,/,-,Metric,
kAIC,kAIC,Decimal,space,/,-,Imperial,
kb,kb,Decimal,space,",",to,Imperial,
kilobits,kb,Decimal,space,",",to,Imperial,
kbps,kbps,Decimal,space,",",to,Imperial,
Kcmil,kcmil,Decimal,space,",",to,Imperial,
kcmil,kcmil,Decimal,space,",",to,Imperial,
kcmil cu/al,kcmil,Decimal,space,",",to,Imperial,
kcmil_cu/al,kcmil,Decimal,space,",",to,Imperial,
kmcil,kcmil,Decimal,space,",",to,Imperial,
kDA,kDa,Decimal,space,",",to,Metric,
kda,kDa,Decimal,space,",",to,Metric,
keV,keV,Decimal,space,",",to,Imperial,
Kg,Kg,Decimal,space,",",to,Metric,
kg,Kg,Decimal,space,",",to,Metric,
kg/sq cm,kg/sq. cm,Decimal,space,",",to,Metric,
kg/sq. cm,kg/sq. cm,Decimal,space,",",to,Metric,
kg/sq._cm,kg/sq. cm,Decimal,space,",",to,Metric,
kg/sq_cm,kg/sq. cm,Decimal,space,",",to,Metric,
kg cm.,Kg-cm,Decimal,space,",",to,Metric,
kg_cm.,Kg-cm,Decimal,space,",",to,Metric,
Kg-cm,Kg-cm,Decimal,space,",",to,Metric,
kg-cm,Kg-cm,Decimal,space,",",to,Metric,
kgf,kgf,Decimal,space,",",to,Metric,
kgf cm,kgf-cm,Decimal,space,",",to,Metric,
kgf_cm,kgf-cm,Decimal,space,",",to,Metric,
Kg-m,Kg-m,Decimal,space,",",to,Metric,
kHz,kHz,Decimal,space,/,-,Metric,
khz,kHz,Decimal,space,/,-,Metric,
km,km,Decimal,space,",",to,Metric,
km/h,kmph,Decimal,space,",",to,Metric,
kmph,kmph,Decimal,space,",",to,Metric,
kph,kmph,Decimal,space,",",to,Metric,
KN,kN,Decimal,space,",",to,Metric,
kN,kN,Decimal,space,",",to,Metric,
kn,kN,Decimal,space,",",to,Metric,
knots,knots,Decimal,space,",",to,Imperial,
kilopoise,kP,Decimal,space,",",to,Metric,
kpa,kPa,Decimal,space,",",to,Metric,
kpps,kpps,Decimal,space,",",to,Imperial,
ks/s,kS/s,Decimal,space,",",to,Metric,
K PSI,ksi,Decimal,space,",",to,Imperial,
k psi,ksi,Decimal,space,",",to,Imperial,
K_PSI,ksi,Decimal,space,",",to,Imperial,
k_psi,ksi,Decimal,space,",",to,Imperial,
ksi,ksi,Decimal,space,",",to,Imperial,
kV,kV,Decimal,space,/,-,Metric,
kv,kV,Decimal,space,/,-,Metric,
k VAC,kV AC,Decimal,space,/,-,Imperial,
k vac,kV AC,Decimal,space,/,-,Imperial,
k_VAC,kV AC,Decimal,space,/,-,Imperial,
k_vac,kV AC,Decimal,space,/,-,Imperial,
kV AC,kV AC,Decimal,space,/,-,Metric,
kv ac,kV AC,Decimal,space,/,-,Metric,
kV_AC,kV AC,Decimal,space,/,-,Metric,
kv_ac,kV AC,Decimal,space,/,-,Metric,
k v dc,kV DC,Decimal,space,/,-,Imperial,
k VDC,kV DC,Decimal,space,/,-,Imperial,
k vdc,kV DC,Decimal,space,/,-,Imperial,
k_v_dc,kV DC,Decimal,space,/,-,Imperial,
k_VDC,kV DC,Decimal,space,/,-,Imperial,
k_vdc,kV DC,Decimal,space,/,-,Imperial,
KV DC,kV DC,Decimal,space,/,-,Imperial,
kV DC,kV DC,Decimal,space,/,-,Imperial,
kv dc,kV DC,Decimal,space,/,-,Imperial,
KV_DC,kV DC,Decimal,space,/,-,Imperial,
kV_DC,kV DC,Decimal,space,/,-,Imperial,
kv_dc,kV DC,Decimal,space,/,-,Imperial,
kVA,kVA,Decimal,space,/,-,Metric,
kva,kVA,Decimal,space,/,-,Metric,
KW,kW,Decimal,space,/,-,Metric,
kW,kW,Decimal,space,/,-,Metric,
Kw,kW,Decimal,space,/,-,Metric,
kw,kW,Decimal,space,/,-,Metric,
kWh,kWh,Decimal,space,",",to,Metric,
kwh,kWh,Decimal,space,",",to,Metric,
L,L,Decimal,,",",to,Metric,
l,L,Decimal,,",",to,Metric,
L to,L,Decimal,,",",to,Metric,
l to,L,Decimal,,",",to,Metric,
L_to,L,Decimal,,",",to,Metric,
l_to,L,Decimal,,",",to,Metric,
Liter,L,Decimal,,",",to,Metric,
liter,L,Decimal,,",",to,Metric,
Liters,L,Decimal,,",",to,Metric,
liters,L,Decimal,,",",to,Metric,
Litre,L,Decimal,,",",to,Metric,
litre,L,Decimal,,",",to,Metric,
L/kw hr.,L/kWh,Decimal,space,",",to,Imperial,
M_wc,m wc,Decimal,space,",",to,Metric,
L/kw_hr.,L/kWh,Decimal,space,",",to,Imperial,
l/kwh,L/kWh,Decimal,space,",",to,Imperial,
lbf,lbf.,Decimal,space,",",to,Imperial,
lbf.,lbf.,Decimal,space,",",to,Imperial,
lbf./sq. ft.,lbf./sq. ft.,Decimal,space,",",to,Imperial,
psf,lbf./sq. ft.,Decimal,space,",",to,Imperial,
lbf./sq. in.,lbf./sq. in.,Decimal,space,",",to,Imperial,
lbf./sq._in.,lbf./sq. in.,Decimal,space,",",to,Imperial,
lbf./sq.-in.,lbf./sq. in.,Decimal,space,",",to,Imperial,
lb,lbs.,Decimal,space,",",to,Imperial,
lb .,lbs.,Decimal,space,",",to,Imperial,
Lb.,lbs.,Decimal,space,",",to,Imperial,
lb.,lbs.,Decimal,space,",",to,Imperial,
Lb/,lbs.,Decimal,space,",",to,Imperial,
lb/,lbs.,Decimal,space,",",to,Imperial,
lb_.,lbs.,Decimal,space,",",to,Imperial,
lbs,lbs.,Decimal,space,",",to,Imperial,
lbs.,lbs.,Decimal,space,",",to,Imperial,
Lbs.,lbs.,Decimal,space,",",to,Imperial,
lbs./gal.,lbs./gal.,Decimal,space,",",to,Imperial,
lb./hr.,lbs./hr.,Decimal,space,",",to,Imperial,
lbs./hr.,lbs./hr.,Decimal,space,",",to,Imperial,
lbs./mmcf,lbs./mmcf,Decimal,space,",",to,Imperial,
cu. ft./lbs.,lbs.-cu. ft.,Decimal,space,",",to,Imperial,
cu._ft./lbs.,lbs.-cu. ft.,Decimal,space,",",to,Imperial,
lbs./cu. ft.,lbs.-cu. ft.,Decimal,space,",",to,Imperial,
lbs./cu._ft.,lbs.-cu. ft.,Decimal,space,",",to,Imperial,
lbs.-cu. ft.,lbs.-cu. ft.,Decimal,space,",",to,Imperial,
in.-cu/lbs.,lbs.-cu. in.,Decimal,space,",",to,Imperial,
lb/cu in,lbs.-cu. in.,Decimal,space,",",to,Imperial,
lb/cu_in,lbs.-cu. in.,Decimal,space,",",to,Imperial,
lbs./cu. In.,lbs.-cu. in.,Decimal,space,",",to,Imperial,
lbs./cu. in.,lbs.-cu. in.,Decimal,space,",",to,Imperial,
lbs./cu._In.,lbs.-cu. in.,Decimal,space,",",to,Imperial,
lbs.-cu. in.,lbs.-cu. in.,Decimal,space,",",to,Imperial,
lbs./cu._in.,lbs.-cu. in.,Decimal,space,",",to,Imperial,
ft. lb.,lbs.-ft.,Decimal,space,",",to,Imperial,
ft. lbs.,lbs.-ft.,Decimal,space,",",to,Imperial,
ft./lbs.,lbs.-ft.,Decimal,space,",",to,Imperial,
ft._lb.,lbs.-ft.,Decimal,space,",",to,Imperial,
ft._lbs.,lbs.-ft.,Decimal,space,",",to,Imperial,
ft.lb.,lbs.-ft.,Decimal,space,",",to,Imperial,
ft.-lb.,lbs.-ft.,Decimal,space,",",to,Imperial,
Ft.Lbs.,lbs.-ft.,Decimal,space,",",to,Imperial,
ft.lbs.,lbs.-ft.,Decimal,space,",",to,Imperial,
ft.-lbs.,lbs.-ft.,Decimal,space,",",to,Imperial,
lbs. ft.,lbs.-ft.,Decimal,space,",",to,Imperial,
lbs./ft.,lbs.-ft.,Decimal,space,",",to,Imperial,
lbs._ft.,lbs.-ft.,Decimal,space,",",to,Imperial,
lbs.-ft.,lbs.-ft.,Decimal,space,",",to,Imperial,
ft.-lbs./in.,lbs.-ft./in.,Decimal,space,",",to,Imperial,
ft-lb/in,lbs.-ft./in.,Decimal,space,",",to,Imperial,
lbs./sq. in-fpm,lbs.-ft./sq. in-min.,Decimal,space,",",to,Imperial,
lbs./sq._in-fpm,lbs.-ft./sq. in-min.,Decimal,space,",",to,Imperial,
lbs.-ft./sq. in-min.,lbs.-ft./sq. in-min.,Decimal,space,",",to,Imperial,
lbs.-ft./sq._in-min.,lbs.-ft./sq. in-min.,Decimal,space,",",to,Imperial,
lbs.-ft/in. sq. min.,lbs.-ft./sq. in-min.,Decimal,space,",",to,Imperial,
lbs.-ft/in._sq._min.,lbs.-ft./sq. in-min.,Decimal,space,",",to,Imperial,
in. lb.,lbs.-in.,Decimal,space,",",to,Imperial,
In. Lbs.,lbs.-in.,Decimal,space,",",to,Imperial,
in. lbs.,lbs.-in.,Decimal,space,",",to,Imperial,
in. -lbs.,lbs.-in.,Decimal,space,",",to,Imperial,
in./lbs.,lbs.-in.,Decimal,space,",",to,Imperial,
in._lb.,lbs.-in.,Decimal,space,",",to,Imperial,
In._Lbs.,lbs.-in.,Decimal,space,",",to,Imperial,
in._lbs.,lbs.-in.,Decimal,space,",",to,Imperial,
in._-lbs.,lbs.-in.,Decimal,space,",",to,Imperial,
in.-lb.,lbs.-in.,Decimal,space,",",to,Imperial,
in.-lbs,lbs.-in.,Decimal,space,",",to,Imperial,
In.Lbs.,lbs.-in.,Decimal,space,",",to,Imperial,
in.lbs.,lbs.-in.,Decimal,space,",",to,Imperial,
in.-lbs.,lbs.-in.,Decimal,space,",",to,Imperial,
in/lb,lbs.-in.,Decimal,space,",",to,Imperial,
Inch Lbs.,lbs.-in.,Decimal,space,",",to,Imperial,
inch lbs.,lbs.-in.,Decimal,space,",",to,Imperial,
Inch_Lbs.,lbs.-in.,Decimal,space,",",to,Imperial,
inch_lbs.,lbs.-in.,Decimal,space,",",to,Imperial,
lbs./in.,lbs./in.,Decimal,space,",",to,Imperial,
lbs.-in.,lbs.-in.,Decimal,space,",",to,Imperial,
in. lbs./deg.,lbs.-in./deg.,Decimal,space,",",to,Imperial,
in._lbs./deg.,lbs.-in./deg.,Decimal,space,",",to,Imperial,
in.-lbs./Deg.,lbs.-in./deg.,Decimal,space,",",to,Imperial,
in.-lbs./deg.,lbs.-in./deg.,Decimal,space,",",to,Imperial,
in.-lbs./Rad,lbs.-in./rad,Decimal,space,",",to,Imperial,
in.-lbs./rad,lbs.-in./rad,Decimal,space,",",to,Imperial,
lb. Per Sq Ft,lbs.-sq. ft.,Decimal,space,",",to,Imperial,
lbs./sq. ft.,lbs.-sq. ft.,Decimal,space,",",to,Imperial,
lb. per sq ft,lbs.-sq. ft.,Decimal,space,",",to,Imperial,
lb./ sq. ft.,lbs.-sq. ft.,Decimal,space,",",to,Imperial,
lb./_sq._ft.,lbs.-sq. ft.,Decimal,space,",",to,Imperial,
lb._Per_Sq_Ft,lbs.-sq. ft.,Decimal,space,",",to,Imperial,
lb._per_sq_ft,lbs.-sq. ft.,Decimal,space,",",to,Imperial,
lbs./sq._ft.,lbs.-sq. ft.,Decimal,space,",",to,Imperial,
lbs.-ft.2,lbs.-sq. ft.,Decimal,space,",",to,Imperial,
lbs.-sq. ft.,lbs.-sq. ft.,Decimal,space,",",to,Imperial,
lbs.-sq._ft.,lbs.-sq. ft.,Decimal,space,",",to,Imperial,
sq. ft.-lbs.,lbs.-sq. ft.,Decimal,space,",",to,Imperial,
lbs.-sq. in.,lbs.-sq. in.,Decimal,space,",",to,Imperial,
lbs.-sq._in.,lbs.-sq. in.,Decimal,space,",",to,Imperial,
lbs./ sq. in.,lbs.-sq. in.,Decimal,space,",",to,Imperial,
lbs./_sq._in.,lbs.-sq. in.,Decimal,space,",",to,Imperial,
lbs./sq. in.,lbs.-sq. in.,Decimal,space,",",to,Imperial,
lbs./sq._in.,lbs.-sq. in.,Decimal,space,",",to,Imperial,
lbs./ sq. yd.,lbs.-sq. yd.,Decimal,space,",",to,Imperial,
lbs./_sq._yd.,lbs.-sq. yd.,Decimal,space,",",to,Imperial,
lbs./sq. yd.,lbs.-sq. yd.,Decimal,space,",",to,Imperial,
lbs./sq._yd.,lbs.-sq. yd.,Decimal,space,",",to,Imperial,
lbs.-sq. yd.,lbs.-sq. yd.,Decimal,space,",",to,Imperial,
LFM,LFM,Decimal,space,/,-,Imperial,
lfm,LFM,Decimal,space,/,-,Imperial,
lm,lm,Decimal,space,",",to,Metric,
lm.,lm,Decimal,space,",",to,Metric,
lumen,lm,Decimal,space,",",to,Metric,
lm./w,lm/W,Decimal,space,",",to,Metric,
lm/W,lm/W,Decimal,space,",",to,Metric,
lm/w,lm/W,Decimal,space,",",to,Metric,
LPH,LPH,Decimal,space,/,-,Metric,
lph,LPH,Decimal,space,/,-,Metric,
L/min,LPM,Decimal,space,/,-,Metric,
l/min,LPM,Decimal,space,/,-,Metric,
l/min.,LPM,Decimal,space,/,-,Metric,
Lpm,LPM,Decimal,space,/,-,Metric,
LPM,LPM,Decimal,space,/,-,Metric,
lpm,LPM,Decimal,space,/,-,Metric,
L/sec.,LPS,Decimal,space,/,-,Metric,
l/sec.,LPS,Decimal,space,/,-,Metric,
LPS,LPS,Decimal,space,/,-,Metric,
lps,LPS,Decimal,space,/,-,Metric,
lux,lux,Decimal,space,",",to,Metric,
m,m,Decimal,,",",to,Metric,
Meter,m,Decimal,,",",to,Metric,
meter,m,Decimal,,",",to,Metric,
m ohm,M ohms,Decimal,space,",",to,Metric,
M Ohms,M ohms,Decimal,space,",",to,Metric,
m ohms,M ohms,Decimal,space,",",to,Metric,
m_ohm,M ohms,Decimal,space,",",to,Metric,
M_Ohms,M ohms,Decimal,space,",",to,Metric,
m_ohms,M ohms,Decimal,space,",",to,Metric,
mega ohm,M ohms,Decimal,space,",",to,Metric,
mega ohms,M ohms,Decimal,space,",",to,Metric,
mega_ohm,M ohms,Decimal,space,",",to,Metric,
mega_ohms,M ohms,Decimal,space,",",to,Metric,
megaohm,M ohms,Decimal,space,",",to,Metric,
megohm,M ohms,Decimal,space,",",to,Metric,
MOhms,M ohms,Decimal,space,",",to,Metric,
mohms,M ohms,Decimal,space,",",to,Metric,
m wc,m wc,Decimal,space,",",to,Metric,
M wc,m wc,Decimal,space,",",to,Metric,
m_wc,m wc,Decimal,space,",",to,Metric,
m/sÂ²,m/sq. sec.,Decimal,space,",",to,Metric,
m/sq sec,m/sq. sec.,Decimal,space,",",to,Metric,
m/sq sec.,m/sq. sec.,Decimal,space,",",to,Metric,
m/sq. sec,m/sq. sec.,Decimal,space,",",to,Metric,
m/sq. sec.,m/sq. sec.,Decimal,space,",",to,Metric,
m/sq._sec,m/sq. sec.,Decimal,space,",",to,Metric,
m/sq._sec.,m/sq. sec.,Decimal,space,",",to,Metric,
m/sq_sec,m/sq. sec.,Decimal,space,",",to,Metric,
m/sq_sec.,m/sq. sec.,Decimal,space,",",to,Metric,
mA,mA,Decimal,space,/,-,Metric,
Ma,mA,Decimal,space,/,-,Metric,
ma,mA,Decimal,space,/,-,Metric,
mA DC,mA,Decimal,space,/,-,Metric,
ma dc,mA,Decimal,space,/,-,Metric,
mA_DC,mA,Decimal,space,/,-,Metric,
ma_dc,mA,Decimal,space,/,-,Metric,
mA/A,mA/A,Decimal,space,",",to,Metric,
mAh,mAh,Decimal,space,/,-,Metric,
mah,mAh,Decimal,space,/,-,Metric,
mbar,mbar,Decimal,space,",",to,Metric,
Mbps,Mbps,Decimal,space,",",to,Imperial,
mbps,Mbps,Decimal,space,",",to,Imperial,
mcd,mcd,Decimal,space,",",to,Imperial,
Millicandela,mcd,Decimal,space,",",to,Imperial,
millicandela,mcd,Decimal,space,",",to,Imperial,
mcm,mcm,Decimal,space,",",to,Imperial,
mega samples per second,Mega Samples/sec.,Decimal,space,",",to,Metric,
mega_samples_per_second,Mega Samples/sec.,Decimal,space,",",to,Metric,
ms/s,Mega Samples/sec.,Decimal,space,",",to,Metric,
megabytes,Megabytes,Decimal,space,",",to,Metric,
menne,Menne,Decimal,space,",",to,Imperial,
mesh,mesh,Decimal,space,",",to,Imperial,
mev,MeV,Decimal,space,",",to,Metric,
mF,mF,Decimal,space,",",to,Metric,
mf,mF,Decimal,space,",",to,Metric,
MG,mg,Decimal,space,",",to,Metric,
mg,mg,Decimal,space,",",to,Metric,
mg/cu. m,mg/cu. m,Decimal,space,",",to,Metric,
mg/cu._m,mg/cu. m,Decimal,space,",",to,Metric,
mg/m3,mg/cu. m,Decimal,space,",",to,Metric,
mg/L,mg/L,Decimal,space,",",to,Metric,
mg/l,mg/L,Decimal,space,",",to,Metric,
mH,mh,Decimal,space,",",to,Metric,
mh,mh,Decimal,space,",",to,Metric,
MHz,MHz,Decimal,space,/,-,Metric,
mHz,MHz,Decimal,space,/,-,Metric,
mhz,MHz,Decimal,space,/,-,Metric,
micron g/cu. m,micron g/cu. m,Decimal,space,",",to,Metric,
micron g/m3,micron g/cu. m,Decimal,space,",",to,Metric,
micron_g/cu._m,micron g/cu. m,Decimal,space,",",to,Metric,
micron_g/m3,micron g/cu. m,Decimal,space,",",to,Metric,
mil,mil.,Decimal,space,",",to,Metric,
mil.,mil.,Decimal,space,",",to,Metric,
Mils,mil.,Decimal,space,",",to,Metric,
mils,mil.,Decimal,space,",",to,Metric,
Mile,mile,Decimal,space,",",to,Imperial,
mile,mile,Decimal,space,",",to,Imperial,
milli ohms,milli ohms,Decimal,space,",",to,Metric,
milli_ohms,milli ohms,Decimal,space,",",to,Metric,
milliohm,milli ohms,Decimal,space,",",to,Metric,
Min,min.,Decimal,space,",",to,Imperial,
min,min.,Decimal,space,",",to,Imperial,
min.,min.,Decimal,space,",",to,Imperial,
MINUTE,min.,Decimal,space,",",to,Imperial,
minute,min.,Decimal,space,",",to,Imperial,
Minutes,min.,Decimal,space,",",to,Imperial,
minutes,min.,Decimal,space,",",to,Imperial,
mJ,MJ,Decimal,space,",",to,Metric,
mj,MJ,Decimal,space,",",to,Metric,
mk,mK,Decimal,space,",",to,Metric,
ML,mL,Decimal,space,",",to,Metric,
ml,mL,Decimal,space,",",to,Metric,
mL,mL,Decimal,space,",",to,Metric,
ml/min,mL/min.,Decimal,space,",",to,Metric,
mL/min.,mL/min.,Decimal,space,",",to,Metric,
ml/min.,mL/min.,Decimal,space,",",to,Metric,
ml/sec.,mL/sec.,Decimal,space,",",to,Metric,
mm,mm,Decimal,space,",",to,Metric,
mm hg,mm hg,Decimal,space,",",to,Metric,
mm_hg,mm hg,Decimal,space,",",to,Metric,
mmHG,mm hg,Decimal,space,",",to,Metric,
mmhg,mm hg,Decimal,space,",",to,Metric,
mm/m,mm/m,Decimal,space,",",to,Imperial,
mm/s,mm/sec.,Decimal,space,",",to,Metric,
mm/sec,mm/sec.,Decimal,space,",",to,Metric,
mm/sec.,mm/sec.,Decimal,space,",",to,Metric,
mN,mN,Decimal,space,",",to,Metric,
mn,mN,Decimal,space,",",to,Metric,
mn,mN/m,Decimal,space,",",to,Metric,
mN/m,mN/m,Decimal,space,",",to,Metric,
mN/sq. m,mN/sq. m,Decimal,space,",",to,Metric,
mN/sq._m,mN/sq. m,Decimal,space,",",to,Metric,
month,Month,Decimal,space,",",to,Imperial,
Month,Month,Decimal,space,",",to,Imperial,
mo.,Months,Decimal,space,",",to,Imperial,
Months,Months,Decimal,space,",",to,Imperial,
months,Months,Decimal,space,",",to,Imperial,
Mpa,MPa,Decimal,space,",",to,Metric,
mpa,MPa,Decimal,space,",",to,Metric,
mpg,mpg,Decimal,space,",",to,Imperial,
mph,mph,Decimal,space,",",to,Imperial,
m/min,mpm,Decimal,space,",",to,Metric,
m/min.,mpm,Decimal,space,",",to,Metric,
mpm,mpm,Decimal,space,",",to,Metric,
mpps,MPPS,Decimal,space,",",to,Metric,
m/sec.,mps,Decimal,space,",",to,Metric,
mps,mps,Decimal,space,",",to,Metric,
mr,mR,Decimal,space,",",to,Imperial,
mr/hr.,mR/h,Decimal,space,",",to,Imperial,
mS,ms,Decimal,space,",",to,Metric,
ms,ms,Decimal,space,",",to,Metric,
msec,ms,Decimal,space,",",to,Metric,
msec.,ms,Decimal,space,",",to,Metric,
microsiemens per cm,mS/cm,Decimal,space,",",to,Metric,
microsiemens_per_cm,mS/cm,Decimal,space,",",to,Metric,
mS/cm,mS/cm,Decimal,space,",",to,Metric,
ms/cm,mS/cm,Decimal,space,",",to,Metric,
microsiemens per meter,mS/m,Decimal,space,",",to,Metric,
microsiemens_per_meter,mS/m,Decimal,space,",",to,Metric,
mS/m,mS/m,Decimal,space,",",to,Metric,
mV,mV,Decimal,space,/,-,Metric,
mv,mV,Decimal,space,/,-,Metric,
mV DC,mV DC,Decimal,space,/,-,Metric,
mv dc,mV DC,Decimal,space,/,-,Metric,
mV_DC,mV DC,Decimal,space,/,-,Metric,
mv_dc,mV DC,Decimal,space,/,-,Metric,
mV/A,mV/A,Decimal,space,",",to,Metric,
mv/g,mv/g,Decimal,space,",",to,Metric,
mv/v,mv/v,Decimal,space,/,-,Metric,
mW,mW,Decimal,space,/,-,Metric,
mw,mW,Decimal,space,/,-,Metric,
mW/cm,mW/cm,Decimal,space,",",to,Metric,
mw/cm,mW/cm,Decimal,space,",",to,Metric,
mW/sq. cm,mW/sq. cm,Decimal,space,",",to,Metric,
mw/sq. cm,mW/sq. cm,Decimal,space,",",to,Metric,
mW/sq._cm,mW/sq. cm,Decimal,space,",",to,Metric,
mw/sq._cm,mW/sq. cm,Decimal,space,",",to,Metric,
N,N,Decimal,,",",to,Metric,
n,N,Decimal,,",",to,Metric,
N/mm,N/mm,Decimal,space,",",to,Metric,
n/mm,N/mm,Decimal,space,",",to,Metric,
N/sq. cm,N/sq. cm,Decimal,space,",",to,Metric,
N/sq._cm,N/sq. cm,Decimal,space,",",to,Metric,
N/mm-sq.,N/sq. mm,Decimal,space,",",to,Metric,
N/sq. mm,N/sq. mm,Decimal,space,",",to,Metric,
n/sq. mm,N/sq. mm,Decimal,space,",",to,Metric,
N/sq._mm,N/sq. mm,Decimal,space,",",to,Metric,
n/sq._mm,N/sq. mm,Decimal,space,",",to,Metric,
ncm,N-cm,Decimal,space,",",to,Metric,
N-cm,N-cm,Decimal,space,",",to,Metric,
nd,nD,Decimal,space,",",to,Imperial,
nF,nF,Decimal,space,",",to,Metric,
nf,nF,Decimal,space,",",to,Metric,
nanometer,nm,Decimal,space,",",to,Metric,
nm,nm,Decimal,space,",",to,Metric,
N m,N-m,Decimal,space,",",to,Metric,
n m,N-m,Decimal,space,",",to,Metric,
N_m,N-m,Decimal,space,",",to,Metric,
n_m,N-m,Decimal,space,",",to,Metric,
Nm,N-m,Decimal,space,",",to,Metric,
N-m,N-m,Decimal,space,",",to,Metric,
n-m,N-m,Decimal,space,",",to,Metric,
Newton-metre,N-m,Decimal,space,",",to,Metric,
Newton meter,N-m,Decimal,space,",",to,Metric,
newton meter,N-m,Decimal,space,",",to,Metric,
n-m/deg,N-m/deg.,Decimal,space,",",to,Metric,
N-m/deg.,N-m/deg.,Decimal,space,",",to,Metric,
n-m/deg.,N-m/deg.,Decimal,space,",",to,Metric,
ns,nsec.,Decimal,space,",",to,Metric,
nsec,nsec.,Decimal,space,",",to,Metric,
nsec.,nsec.,Decimal,space,",",to,Metric,
Ntu,NTU,Decimal,space,",",to,Metric,
NTU,NTU,Decimal,space,",",to,Metric,
ntu,NTU,Decimal,space,",",to,Metric,
ohm,ohms,Decimal,space,",",to,Metric,
Ohms,ohms,Decimal,space,",",to,Metric,
ohms,ohms,Decimal,space,",",to,Metric,
ohm/cm,ohms/cm,Decimal,space,",",to,Metric,
ohms/cm,ohms/cm,Decimal,space,",",to,Metric,
ohm/sq.,ohms/sq.,Decimal,space,",",to,Metric,
osc/min,osc/min.,Decimal,space,",",to,Imperial,
osc/min.,osc/min.,Decimal,space,",",to,Imperial,
Ounces,oz.,Decimal,space,",",to,Imperial,
ounces,oz.,Decimal,space,",",to,Imperial,
Oz,oz.,Decimal,space,",",to,Imperial,
oz,oz.,Decimal,space,",",to,Imperial,
Oz.,oz.,Decimal,space,",",to,Imperial,
oz.,oz.,Decimal,space,",",to,Imperial,
oz./hr.,oz./hr.,Decimal,space,",",to,Imperial,
oz./in.,oz./in.,Decimal,space,",",to,Imperial,
oz./inch,oz./in.,Decimal,space,",",to,Imperial,
oz./sq. ft.,oz./sq. ft.,Decimal,space,",",to,Imperial,
oz./sq._ft.,oz./sq. ft.,Decimal,space,",",to,Imperial,
oz./sq. in.,oz./sq. in.,Decimal,space,",",to,Imperial,
oz./sq._in.,oz./sq. in.,Decimal,space,",",to,Imperial,
oz./ sq. yd.,oz./sq. yd.,Decimal,space,",",to,Imperial,
oz./_sq._yd.,oz./sq. yd.,Decimal,space,",",to,Imperial,
oz./sq. yd.,oz./sq. yd.,Decimal,space,",",to,Imperial,
oz./sq._yd.,oz./sq. yd.,Decimal,space,",",to,Imperial,
oz. /stroke,oz./stroke,Decimal,space,",",to,Imperial,
oz. per stroke,oz./stroke,Decimal,space,",",to,Imperial,
oz./stroke,oz./stroke,Decimal,space,",",to,Imperial,
oz._/stroke,oz./stroke,Decimal,space,",",to,Imperial,
oz._per_stroke,oz./stroke,Decimal,space,",",to,Imperial,
oz./yr.,oz./yr.,Decimal,space,",",to,Imperial,
ozf,ozf,Decimal,space,",",to,Imperial,
ozf-in.,ozf-in.,Decimal,space,",",to,Imperial,
pA,Pa,Decimal,space,",",to,Metric,
Pa,Pa,Decimal,space,",",to,Metric,
pa,Pa,Decimal,space,",",to,Metric,
pair,pair,Decimal,space,",",to,Imperial,
per kg,per kg,Decimal,space,",",to,Imperial,
per_kg,per kg,Decimal,space,",",to,Imperial,
per sec.,per sec.,Decimal,space,",",to,Imperial,
per_sec.,per sec.,Decimal,space,",",to,Imperial,
pF,pF,Decimal,space,",",to,Metric,
pf,pF,Decimal,space,",",to,Metric,
pf/ft,pF/ft.,Decimal,space,",",to,Imperial,
pF/ft.,pF/ft.,Decimal,space,",",to,Imperial,
pf/ft.,pF/ft.,Decimal,space,",",to,Imperial,
pH,pH,Decimal,space,",",to,Imperial,
ph,pH,Decimal,space,",",to,Imperial,
pieces/min.,pieces/min.,Decimal,space,",",to,Metric,
PPM,ppm,Decimal,space,",",to,Metric,
ppm,ppm,Decimal,space,",",to,Metric,
ppt,ppt,Decimal,space,",",to,Imperial,
psi,psi,Decimal,space,",",to,Imperial,
Psi,psi,Decimal,space,",",to,Imperial,
PSI,psi,Decimal,space,",",to,Imperial,
psi at,psi,Decimal,space,",",to,Imperial,
psi_at,psi,Decimal,space,",",to,Imperial,
CWP,psi CWP,Decimal,space,",",to,Imperial,
cwp,psi CWP,Decimal,space,",",to,Imperial,
psi CWP,psi CWP,Decimal,space,",",to,Imperial,
psi cwp,psi CWP,Decimal,space,",",to,Imperial,
psi_CWP,psi CWP,Decimal,space,",",to,Imperial,
psi_cwp,psi CWP,Decimal,space,",",to,Imperial,
pis WOG,psi WOG,Decimal,space,",",to,Imperial,
pis wog,psi WOG,Decimal,space,",",to,Imperial,
pis_WOG,psi WOG,Decimal,space,",",to,Imperial,
pis_wog,psi WOG,Decimal,space,",",to,Imperial,
psi WOG,psi WOG,Decimal,space,",",to,Imperial,
psi wog,psi WOG,Decimal,space,",",to,Imperial,
psi_WOG,psi WOG,Decimal,space,",",to,Imperial,
psi_wog,psi WOG,Decimal,space,",",to,Imperial,
WOG,psi WOG,Decimal,space,",",to,Imperial,
wog,psi WOG,Decimal,space,",",to,Imperial,
psi WSP,psi WSP,Decimal,space,",",to,Imperial,
psi wsp,psi WSP,Decimal,space,",",to,Imperial,
psi_WSP,psi WSP,Decimal,space,",",to,Imperial,
psi_wsp,psi WSP,Decimal,space,",",to,Imperial,
Psi/°F,psi/°F,Decimal,space,",",to,Imperial,
psi/°F,psi/°F,Decimal,space,",",to,Imperial,
psi/Â°f,psi/°F,Decimal,space,",",to,Imperial,
psig/Â°f,psi/°F,Decimal,space,",",to,Imperial,
psid,psid,Decimal,space,",",to,Imperial,
SUS,SUS,Decimal,space,",",to,Imperial,
psi-FPM,psi-FPM,Decimal,space,",",to,Imperial,
p.s.i.g.,psig,Decimal,space,",",to,Imperial,
PSIG,psig,Decimal,space,",",to,Imperial,
psig,psig,Decimal,space,",",to,Imperial,
psig CWP,psig CWP,Decimal,space,",",to,Imperial,
psig_CWP,psig CWP,Decimal,space,",",to,Imperial,
psig WOG,psig WOG,Decimal,space,",",to,Imperial,
psig wog,psig WOG,Decimal,space,",",to,Imperial,
psig_WOG,psig WOG,Decimal,space,",",to,Imperial,
psig_wog,psig WOG,Decimal,space,",",to,Imperial,
psig/°F,psig/°F,Decimal,space,",",to,Imperial,
pint,pt,Decimal,space,",",to,Imperial,
pt,pt,Decimal,space,",",to,Imperial,
pt.,pt,Decimal,space,",",to,Imperial,
pt/hr.,pt/hr.,Decimal,space,",",to,Imperial,
pulses/ft.,pulses/ft.,Decimal,space,",",to,Imperial,
pulses/gal.,pulses/gal.,Decimal,space,",",to,Imperial,
pulses/L,pulses/L,Decimal,space,",",to,Metric,
pulses/l,pulses/L,Decimal,space,",",to,Metric,
pulse/revolution,pulses/rev.,Decimal,space,",",to,Imperial,
pulses/rev.,pulses/rev.,Decimal,space,",",to,Imperial,
pulses/revolution,pulses/rev.,Decimal,space,",",to,Imperial,
pulses/Sec.,pulses/sec.,Decimal,space,",",to,Metric,
pulses/sec.,pulses/sec.,Decimal,space,",",to,Metric,
px,px,Decimal,space,",",to,Metric,
Px,px,Decimal,space,",",to,Metric,
PX,px,Decimal,space,",",to,Metric,
pX,px,Decimal,space,",",to,Metric,
px.,px,Decimal,space,",",to,Metric,
qt,qt,Decimal,space,",",to,Imperial,
qt.,qt,Decimal,space,",",to,Imperial,
quart,qt,Decimal,space,",",to,Imperial,
quarts,qt,Decimal,space,",",to,Imperial,
qt/hr,qt/hr.,Decimal,space,",",to,Imperial,
qt/hr.,qt/hr.,Decimal,space,",",to,Imperial,
qt/min.,qt/min.,Decimal,space,",",to,Imperial,
rcf,RCF,Decimal,space,",",to,Imperial,
Rpm,RPM,Decimal,space,/,-,Imperial,
rpm,RPM,Decimal,space,/,-,Imperial,
RPM,RPM,Decimal,space,/,-,Imperial,
siemens,S,Decimal,space,",",to,Metric,
s/cm,S/cm,Decimal,space,/,-,Metric,
S/m,S/m,Decimal,space,",",to,Metric,
siemens per meter,S/m,Decimal,space,",",to,Metric,
siemens_per_meter,S/m,Decimal,space,",",to,Metric,
samples/cycle,Sample/cycle,Decimal,space,/,-,Metric,
scans/sec.,scans/sec.,Decimal,space,",",to,Metric,
SCFH,SCFH,Decimal,space,/,-,Imperial,
scfh,SCFH,Decimal,space,/,-,Imperial,
SCFM,SCFM,Decimal,space,/,-,Imperial,
scfm,SCFM,Decimal,space,/,-,Imperial,
SCIM,SCIM,Decimal,space,/,-,Metric,
scim,SCIM,Decimal,space,/,-,Metric,
sec,sec.,Decimal,space,",",to,Metric,
sec.,sec.,Decimal,space,",",to,Metric,
second,sec.,Decimal,space,",",to,Metric,
Seconds,sec.,Decimal,space,",",to,Metric,
seconds,sec.,Decimal,space,",",to,Metric,
sec./card,sec./card,Decimal,space,",",to,Imperial,
sec/day,sec./day,Decimal,space,",",to,Imperial,
sec./div,sec./div,Decimal,space,",",to,Imperial,
SFPM,SFPM,Decimal,space,",",to,Imperial,
sfpm,SFPM,Decimal,space,",",to,Imperial,
sgu,sgU,Decimal,space,",",to,Imperial,
Sone,sones,Decimal,space,",",to,Imperial,
sone,sones,Decimal,space,",",to,Imperial,
sones,sones,Decimal,space,",",to,Imperial,
sq. cm,sq. cm,Decimal,space,",",to,Imperial,
sq. cm.,sq. cm,Decimal,space,",",to,Metric,
sq._cm,sq. cm,Decimal,space,",",to,Imperial,
sq._cm.,sq. cm,Decimal,space,",",to,Metric,
sq. ft.,sq. ft.,Decimal,space,",",to,Imperial,
sq._ft.,sq. ft.,Decimal,space,",",to,Imperial,
sq.ft.,sq. ft.,Decimal,space,",",to,Imperial,
sq.-ft.,sq. ft.,Decimal,space,",",to,Imperial,
sq.,sq. ft./gal.,Decimal,space,",",to,Imperial,
sq. ft./ gal.,sq. ft./gal.,Decimal,space,",",to,Imperial,
sq. ft./gal.,sq. ft./gal.,Decimal,space,",",to,Imperial,
sq._ft./_gal.,sq. ft./gal.,Decimal,space,",",to,Imperial,
sq._ft./gal.,sq. ft./gal.,Decimal,space,",",to,Imperial,
sq. ft./hr.,sq. ft./hr.,Decimal,space,",",to,Imperial,
sq._ft./hr.,sq. ft./hr.,Decimal,space,",",to,Imperial,
Sq. In.,sq. in.,Decimal,space,",",to,Imperial,
sq. in.,sq. in.,Decimal,space,",",to,Imperial,
Sq._In.,sq. in.,Decimal,space,",",to,Imperial,
sq._in.,sq. in.,Decimal,space,",",to,Imperial,
Sq.-In.,sq. in.,Decimal,space,",",to,Imperial,
sq.-in.,sq. in.,Decimal,space,",",to,Imperial,
sq. m,sq. m,Decimal,space,",",to,Metric,
sq._m,sq. m,Decimal,space,",",to,Metric,
mm sq.,sq. mm,Decimal,space,",",to,Metric,
mm_sq.,sq. mm,Decimal,space,",",to,Metric,
Sq. mm,sq. mm,Decimal,space,",",to,Metric,
sq. mm,sq. mm,Decimal,space,",",to,Metric,
Sq._mm,sq. mm,Decimal,space,",",to,Metric,
sq._mm,sq. mm,Decimal,space,",",to,Metric,
SPM,strokes/min.,Decimal,space,",",to,Imperial,
spm,strokes/min.,Decimal,space,",",to,Imperial,
strokes per minute,strokes/min.,Decimal,space,",",to,Imperial,
strokes/min.,strokes/min.,Decimal,space,",",to,Imperial,
strokes_per_minute,strokes/min.,Decimal,space,",",to,Imperial,
SPS,strokes/sec.,Decimal,space,",",to,Imperial,
stroke per second,strokes/sec.,Decimal,space,",",to,Imperial,
stroke_per_second,strokes/sec.,Decimal,space,",",to,Imperial,
strokes per second,strokes/sec.,Decimal,space,",",to,Imperial,
strokes/sec.,strokes/sec.,Decimal,space,",",to,Imperial,
strokes_per_second,strokes/sec.,Decimal,space,",",to,Imperial,
sv/h,Sv/h,Decimal,space,",",to,Metric,
SWG,SWG,Decimal,space,",",to,Imperial,
swg,SWG,Decimal,space,",",to,Imperial,
T Ohms,T ohms,Decimal,space,",",to,Metric,
t ohms,T ohms,Decimal,space,",",to,Metric,
T_Ohms,T ohms,Decimal,space,",",to,Metric,
t_ohms,T ohms,Decimal,space,",",to,Metric,
ton.,ton.,Decimal,space,",",to,Imperial,
Tons,ton.,Decimal,space,",",to,Imperial,
tons,ton.,Decimal,space,",",to,Imperial,
tons.,ton.,Decimal,space,",",to,Imperial,
ton./sq. ft.,ton./sq. ft.,Decimal,space,",",to,Imperial,
ton./sq._ft.,ton./sq. ft.,Decimal,space,",",to,Imperial,
torr,torr,Decimal,space,",",to,Metric,
turns/min,turns/min.,Decimal,space,",",to,Imperial,
turns/min.,turns/min.,Decimal,space,",",to,Imperial,
V,V,Decimal,,/,-,Metric,
v,V,Decimal,,/,-,Metric,
Volt,V,Decimal,,/,-,Metric,
volt,V,Decimal,,/,-,Metric,
Volts,V,Decimal,,/,-,Metric,
volts,V,Decimal,,/,-,Metric,
V AC,V AC,Decimal,,/,-,Metric,
V Ac,V AC,Decimal,,/,-,Metric,
v ac,V AC,Decimal,,/,-,Metric,
V_AC,V AC,Decimal,,/,-,Metric,
V_Ac,V AC,Decimal,,/,-,Metric,
v_ac,V AC,Decimal,,/,-,Metric,
VAC,V AC,Decimal,,/,-,Metric,
vac,V AC,Decimal,,/,-,Metric,
VCA,V AC,Decimal,,/,-,Metric,
vca,V AC,Decimal,,/,-,Metric,
AC/DC,V AC/DC,Decimal,,/,-,Metric,
ac/dc,V AC/DC,Decimal,,/,-,Metric,
V AC/DC,V AC/DC,Decimal,,/,-,Metric,
v ac/dc,V AC/DC,Decimal,,/,-,Metric,
v dc/ac,V AC/DC,Decimal,,/,-,Metric,
V_AC/DC,V AC/DC,Decimal,,/,-,Metric,
v_ac/dc,V AC/DC,Decimal,,/,-,Metric,
v_dc/ac,V AC/DC,Decimal,,/,-,Metric,
VAC/DC,V AC/DC,Decimal,,/,-,Metric,
vac/dc,V AC/DC,Decimal,,/,-,Metric,
VDC/AC,V AC/DC,Decimal,,/,-,Metric,
vdc/ac,V AC/DC,Decimal,,/,-,Metric,
VDC/VAC,V AC/DC,Decimal,,/,-,Metric,
vdc/vac,V AC/DC,Decimal,,/,-,Metric,
V DC,V DC,Decimal,,/,-,Metric,
v dc,V DC,Decimal,,/,-,Metric,
V_DC,V DC,Decimal,,/,-,Metric,
v_dc,V DC,Decimal,,/,-,Metric,
VCD,V DC,Decimal,,/,-,Metric,
vcd,V DC,Decimal,,/,-,Metric,
VDC,V DC,Decimal,,/,-,Metric,
vdc,V DC,Decimal,,/,-,Metric,
V/mil.,V/mil.,Decimal,space,",",to,Metric,
v/mil.,V/mil.,Decimal,space,",",to,Metric,
VA,VA,Decimal,space,/,-,Imperial,
va,VA,Decimal,space,/,-,Imperial,
VPM,VPM,Decimal,space,",",to,Imperial,
VRMS,VRMS,Decimal,space,",",to,Imperial,
vrms,VRMS,Decimal,space,",",to,Imperial,
Max. W,W,Decimal,space,/,-,Metric,
max. w,W,Decimal,space,/,-,Metric,
Max._W,W,Decimal,space,/,-,Metric,
max._w,W,Decimal,space,/,-,Metric,
W,W,Decimal,space,/,-,Metric,
w,W,Decimal,space,/,-,Metric,
Watt,W,Decimal,space,/,-,Metric,
watt,W,Decimal,space,/,-,Metric,
Watts,W,Decimal,space,/,-,Metric,
watts,W,Decimal,space,/,-,Metric,
W/sq. ft.,W/sq. ft.,Decimal,space,",",to,Imperial,
W/sq._ft.,W/sq. ft.,Decimal,space,",",to,Imperial,
W/sq. in.,W/sq. in.,Decimal,space,",",to,Imperial,
w/sq. in.,W/sq. in.,Decimal,space,",",to,Imperial,
W/sq._in.,W/sq. in.,Decimal,space,",",to,Imperial,
w/sq._in.,W/sq. in.,Decimal,space,",",to,Imperial,
w/mÂ²,W/sq. m,Decimal,space,",",to,Metric,
w/sq. m,W/sq. m,Decimal,space,",",to,Metric,
w/sq._m,W/sq. m,Decimal,space,",",to,Metric,
weeks,weeks,Decimal,space,",",to,Imperial,
Weeks,weeks,Decimal,space,",",to,Imperial,
Wh,Wh,Decimal,space,",",to,Metric,
wh,Wh,Decimal,space,",",to,Metric,
x,x,Decimal,,",",to,Imperial,
x g,xg,Decimal,space,",",to,Imperial,
x_g,xg,Decimal,space,",",to,Imperial,
xg,xg,Decimal,space,",",to,Imperial,
yd,yd.,Decimal,space,",",to,Imperial,
yd.,yd.,Decimal,space,",",to,Imperial,
yd./hr.,yd./hr.,Decimal,space,",",to,Imperial,
yd./min.,yd./min.,Decimal,space,",",to,Imperial,
Year,yr.,Decimal,space,",",to,Imperial,
year,yr.,Decimal,space,",",to,Imperial,
yr,yr.,Decimal,space,",",to,Imperial,
yr.,yr.,Decimal,space,",",to,Imperial,
Years,yrs.,Decimal,space,",",to,Imperial,
years,yrs.,Decimal,space,",",to,Imperial,
yrs.,yrs.,Decimal,space,",",to,Imperial,
Î¼F,μF,Decimal,space,",",to,Metric,
uF,μF,Decimal,space,",",to,Metric,
μf,μF,Decimal,space,",",to,Metric,
μF,μF,Decimal,space,",",to,Metric,
μGy/hr.,μGy/hr.,Decimal,space,",",to,Imperial,
uL,μL,Decimal,space,",",to,Metric,
μl,μL,Decimal,space,",",to,Metric,
uS/cm,μS/cm,Decimal,space,",",to,Metric,
us/cm,μS/cm,Decimal,space,",",to,Metric,
lb/in,lbs./in.,Decimal,space,",",to,Imperial,
